AA,Position,Hydropathy
M,1,1.9
L,2,3.8
F,3,2.8
S,4,-0.8
F,5,2.8
F,6,2.8
R,7,-4.5
N,8,-3.5
L,9,3.8
C,10,2.5
R,11,-4.5
V,12,4.2
L,13,3.8
Y,14,-1.3
R,15,-4.5
V,16,4.2
R,17,-4.5
V,18,4.2
T,19,-0.7
G,20,-0.4
D,21,-3.5
T,22,-0.7
Q,23,-3.5
A,24,1.8
L,25,3.8
K,26,-3.9
G,27,-0.4
E,28,-3.5
R,29,-4.5
V,30,4.2
L,31,3.8
I,32,4.5
T,33,-0.7
P,34,-1.6
N,35,-3.5
H,36,-3.2
V,37,4.2
S,38,-0.8
F,39,2.8
I,40,4.5
D,41,-3.5
G,42,-0.4
I,43,4.5
L,44,3.8
L,45,3.8
G,46,-0.4
L,47,3.8
F,48,2.8
L,49,3.8
P,50,-1.6
V,51,4.2
R,52,-4.5
P,53,-1.6
V,54,4.2
F,55,2.8
A,56,1.8
V,57,4.2
Y,58,-1.3
T,59,-0.7
S,60,-0.8
I,61,4.5
S,62,-0.8
Q,63,-3.5
Q,64,-3.5
W,65,-0.9
Y,66,-1.3
M,67,1.9
R,68,-4.5
W,69,-0.9
L,70,3.8
K,71,-3.9
S,72,-0.8
F,73,2.8
I,74,4.5
D,75,-3.5
F,76,2.8
V,77,4.2
P,78,-1.6
L,79,3.8
D,80,-3.5
P,81,-1.6
T,82,-0.7
Q,83,-3.5
P,84,-1.6
M,85,1.9
A,86,1.8
I,87,4.5
K,88,-3.9
H,89,-3.2
L,90,3.8
V,91,4.2
R,92,-4.5
L,93,3.8
V,94,4.2
E,95,-3.5
Q,96,-3.5
G,97,-0.4
R,98,-4.5
P,99,-1.6
V,100,4.2
V,101,4.2
I,102,4.5
F,103,2.8
P,104,-1.6
E,105,-3.5
G,106,-0.4
R,107,-4.5
I,108,4.5
T,109,-0.7
T,110,-0.7
T,111,-0.7
G,112,-0.4
S,113,-0.8
L,114,3.8
M,115,1.9
K,116,-3.9
I,117,4.5
Y,118,-1.3
D,119,-3.5
G,120,-0.4
A,121,1.8
G,122,-0.4
F,123,2.8
V,124,4.2
A,125,1.8
A,126,1.8
K,127,-3.9
S,128,-0.8
G,129,-0.4
A,130,1.8
T,131,-0.7
V,132,4.2
I,133,4.5
P,134,-1.6
V,135,4.2
R,136,-4.5
I,137,4.5
E,138,-3.5
G,139,-0.4
A,140,1.8
E,141,-3.5
L,142,3.8
T,143,-0.7
H,144,-3.2
F,145,2.8
S,146,-0.8
R,147,-4.5
L,148,3.8
K,149,-3.9
G,150,-0.4
L,151,3.8
V,152,4.2
K,153,-3.9
R,154,-4.5
R,155,-4.5
L,156,3.8
F,157,2.8
P,158,-1.6
Q,159,-3.5
I,160,4.5
T,161,-0.7
L,162,3.8
H,163,-3.2
I,164,4.5
L,165,3.8
P,166,-1.6
P,167,-1.6
T,168,-0.7
Q,169,-3.5
V,170,4.2
A,171,1.8
M,172,1.9
P,173,-1.6
D,174,-3.5
A,175,1.8
P,176,-1.6
R,177,-4.5
A,178,1.8
R,179,-4.5
D,180,-3.5
R,181,-4.5
R,182,-4.5
K,183,-3.9
I,184,4.5
A,185,1.8
G,186,-0.4
E,187,-3.5
M,188,1.9
L,189,3.8
H,190,-3.2
Q,191,-3.5
I,192,4.5
M,193,1.9
M,194,1.9
E,195,-3.5
A,196,1.8
R,197,-4.5
M,198,1.9
A,199,1.8
V,200,4.2
R,201,-4.5
P,202,-1.6
R,203,-4.5
E,204,-3.5
T,205,-0.7
L,206,3.8
Y,207,-1.3
E,208,-3.5
S,209,-0.8
L,210,3.8
L,211,3.8
S,212,-0.8
A,213,1.8
M,214,1.9
Y,215,-1.3
R,216,-4.5
F,217,2.8
G,218,-0.4
A,219,1.8
G,220,-0.4
K,221,-3.9
K,222,-3.9
C,223,2.5
V,224,4.2
E,225,-3.5
D,226,-3.5
V,227,4.2
N,228,-3.5
F,229,2.8
T,230,-0.7
P,231,-1.6
D,232,-3.5
S,233,-0.8
Y,234,-1.3
R,235,-4.5
K,236,-3.9
L,237,3.8
L,238,3.8
T,239,-0.7
K,240,-3.9
T,241,-0.7
L,242,3.8
F,243,2.8
V,244,4.2
G,245,-0.4
R,246,-4.5
I,247,4.5
L,248,3.8
E,249,-3.5
K,250,-3.9
Y,251,-1.3
S,252,-0.8
V,253,4.2
E,254,-3.5
G,255,-0.4
E,256,-3.5
R,257,-4.5
I,258,4.5
G,259,-0.4
L,260,3.8
M,261,1.9
L,262,3.8
P,263,-1.6
N,264,-3.5
A,265,1.8
G,266,-0.4
I,267,4.5
S,268,-0.8
A,269,1.8
A,270,1.8
V,271,4.2
I,272,4.5
F,273,2.8
G,274,-0.4
A,275,1.8
I,276,4.5
A,277,1.8
R,278,-4.5
R,279,-4.5
R,280,-4.5
M,281,1.9
P,282,-1.6
A,283,1.8
M,284,1.9
M,285,1.9
N,286,-3.5
Y,287,-1.3
T,288,-0.7
A,289,1.8
G,290,-0.4
V,291,4.2
K,292,-3.9
G,293,-0.4
L,294,3.8
T,295,-0.7
S,296,-0.8
A,297,1.8
I,298,4.5
T,299,-0.7
A,300,1.8
A,301,1.8
E,302,-3.5
I,303,4.5
K,304,-3.9
T,305,-0.7
I,306,4.5
F,307,2.8
T,308,-0.7
S,309,-0.8
R,310,-4.5
Q,311,-3.5
F,312,2.8
L,313,3.8
D,314,-3.5
K,315,-3.9
G,316,-0.4
K,317,-3.9
L,318,3.8
W,319,-0.9
H,320,-3.2
L,321,3.8
P,322,-1.6
E,323,-3.5
Q,324,-3.5
L,325,3.8
T,326,-0.7
Q,327,-3.5
V,328,4.2
R,329,-4.5
W,330,-0.9
V,331,4.2
Y,332,-1.3
L,333,3.8
E,334,-3.5
D,335,-3.5
L,336,3.8
K,337,-3.9
A,338,1.8
D,339,-3.5
V,340,4.2
T,341,-0.7
T,342,-0.7
A,343,1.8
D,344,-3.5
K,345,-3.9
V,346,4.2
W,347,-0.9
I,348,4.5
F,349,2.8
A,350,1.8
H,351,-3.2
L,352,3.8
L,353,3.8
M,354,1.9
P,355,-1.6
R,356,-4.5
L,357,3.8
A,358,1.8
Q,359,-3.5
V,360,4.2
K,361,-3.9
Q,362,-3.5
Q,363,-3.5
P,364,-1.6
E,365,-3.5
E,366,-3.5
E,367,-3.5
A,368,1.8
L,369,3.8
I,370,4.5
L,371,3.8
F,372,2.8
T,373,-0.7
S,374,-0.8
G,375,-0.4
S,376,-0.8
E,377,-3.5
G,378,-0.4
H,379,-3.2
P,380,-1.6
K,381,-3.9
G,382,-0.4
V,383,4.2
V,384,4.2
H,385,-3.2
S,386,-0.8
H,387,-3.2
K,388,-3.9
S,389,-0.8
I,390,4.5
L,391,3.8
A,392,1.8
N,393,-3.5
V,394,4.2
E,395,-3.5
Q,396,-3.5
I,397,4.5
K,398,-3.9
T,399,-0.7
I,400,4.5
A,401,1.8
D,402,-3.5
F,403,2.8
T,404,-0.7
T,405,-0.7
N,406,-3.5
D,407,-3.5
R,408,-4.5
F,409,2.8
M,410,1.9
S,411,-0.8
A,412,1.8
L,413,3.8
P,414,-1.6
L,415,3.8
F,416,2.8
H,417,-3.2
S,418,-0.8
F,419,2.8
G,420,-0.4
L,421,3.8
T,422,-0.7
V,423,4.2
G,424,-0.4
L,425,3.8
F,426,2.8
T,427,-0.7
P,428,-1.6
L,429,3.8
L,430,3.8
T,431,-0.7
G,432,-0.4
A,433,1.8
E,434,-3.5
V,435,4.2
F,436,2.8
L,437,3.8
Y,438,-1.3
P,439,-1.6
S,440,-0.8
P,441,-1.6
L,442,3.8
H,443,-3.2
Y,444,-1.3
R,445,-4.5
I,446,4.5
V,447,4.2
P,448,-1.6
E,449,-3.5
L,450,3.8
V,451,4.2
Y,452,-1.3
D,453,-3.5
R,454,-4.5
S,455,-0.8
C,456,2.5
T,457,-0.7
V,458,4.2
L,459,3.8
F,460,2.8
G,461,-0.4
T,462,-0.7
S,463,-0.8
T,464,-0.7
F,465,2.8
L,466,3.8
G,467,-0.4
H,468,-3.2
Y,469,-1.3
A,470,1.8
R,471,-4.5
F,472,2.8
A,473,1.8
N,474,-3.5
P,475,-1.6
Y,476,-1.3
D,477,-3.5
F,478,2.8
Y,479,-1.3
R,480,-4.5
L,481,3.8
R,482,-4.5
Y,483,-1.3
V,484,4.2
V,485,4.2
A,486,1.8
G,487,-0.4
A,488,1.8
E,489,-3.5
K,490,-3.9
L,491,3.8
Q,492,-3.5
E,493,-3.5
S,494,-0.8
T,495,-0.7
K,496,-3.9
Q,497,-3.5
L,498,3.8
W,499,-0.9
Q,500,-3.5
D,501,-3.5
K,502,-3.9
F,503,2.8
G,504,-0.4
L,505,3.8
R,506,-4.5
I,507,4.5
L,508,3.8
E,509,-3.5
G,510,-0.4
Y,511,-1.3
G,512,-0.4
V,513,4.2
T,514,-0.7
E,515,-3.5
C,516,2.5
A,517,1.8
P,518,-1.6
V,519,4.2
V,520,4.2
S,521,-0.8
I,522,4.5
N,523,-3.5
V,524,4.2
P,525,-1.6
M,526,1.9
A,527,1.8
A,528,1.8
K,529,-3.9
P,530,-1.6
G,531,-0.4
T,532,-0.7
V,533,4.2
G,534,-0.4
R,535,-4.5
I,536,4.5
L,537,3.8
P,538,-1.6
G,539,-0.4
M,540,1.9
D,541,-3.5
A,542,1.8
R,543,-4.5
L,544,3.8
L,545,3.8
S,546,-0.8
V,547,4.2
P,548,-1.6
G,549,-0.4
I,550,4.5
E,551,-3.5
E,552,-3.5
G,553,-0.4
G,554,-0.4
R,555,-4.5
L,556,3.8
Q,557,-3.5
L,558,3.8
K,559,-3.9
G,560,-0.4
P,561,-1.6
N,562,-3.5
I,563,4.5
M,564,1.9
N,565,-3.5
G,566,-0.4
Y,567,-1.3
L,568,3.8
R,569,-4.5
V,570,4.2
E,571,-3.5
K,572,-3.9
P,573,-1.6
G,574,-0.4
V,575,4.2
L,576,3.8
E,577,-3.5
V,578,4.2
P,579,-1.6
T,580,-0.7
A,581,1.8
E,582,-3.5
N,583,-3.5
V,584,4.2
R,585,-4.5
G,586,-0.4
E,587,-3.5
M,588,1.9
E,589,-3.5
R,590,-4.5
G,591,-0.4
W,592,-0.9
Y,593,-1.3
D,594,-3.5
T,595,-0.7
G,596,-0.4
D,597,-3.5
I,598,4.5
V,599,4.2
R,600,-4.5
F,601,2.8
D,602,-3.5
E,603,-3.5
Q,604,-3.5
G,605,-0.4
F,606,2.8
V,607,4.2
Q,608,-3.5
I,609,4.5
Q,610,-3.5
G,611,-0.4
R,612,-4.5
A,613,1.8
K,614,-3.9
R,615,-4.5
F,616,2.8
A,617,1.8
K,618,-3.9
I,619,4.5
A,620,1.8
G,621,-0.4
E,622,-3.5
M,623,1.9
V,624,4.2
S,625,-0.8
L,626,3.8
E,627,-3.5
M,628,1.9
V,629,4.2
E,630,-3.5
Q,631,-3.5
L,632,3.8
A,633,1.8
L,634,3.8
G,635,-0.4
V,636,4.2
S,637,-0.8
P,638,-1.6
D,639,-3.5
K,640,-3.9
V,641,4.2
H,642,-3.2
A,643,1.8
T,644,-0.7
A,645,1.8
I,646,4.5
K,647,-3.9
S,648,-0.8
D,649,-3.5
A,650,1.8
S,651,-0.8
K,652,-3.9
G,653,-0.4
E,654,-3.5
A,655,1.8
L,656,3.8
V,657,4.2
L,658,3.8
F,659,2.8
T,660,-0.7
T,661,-0.7
D,662,-3.5
N,663,-3.5
E,664,-3.5
L,665,3.8
T,666,-0.7
R,667,-4.5
D,668,-3.5
K,669,-3.9
L,670,3.8
Q,671,-3.5
Q,672,-3.5
Y,673,-1.3
A,674,1.8
R,675,-4.5
E,676,-3.5
H,677,-3.2
G,678,-0.4
V,679,4.2
P,680,-1.6
E,681,-3.5
L,682,3.8
A,683,1.8
V,684,4.2
P,685,-1.6
R,686,-4.5
D,687,-3.5
I,688,4.5
R,689,-4.5
Y,690,-1.3
L,691,3.8
K,692,-3.9
Q,693,-3.5
M,694,1.9
P,695,-1.6
L,696,3.8
L,697,3.8
G,698,-0.4
S,699,-0.8
G,700,-0.4
K,701,-3.9
P,702,-1.6
D,703,-3.5
F,704,2.8
V,705,4.2
T,706,-0.7
L,707,3.8
K,708,-3.9
S,709,-0.8
W,710,-0.9
V,711,4.2
D,712,-3.5
E,713,-3.5
A,714,1.8
E,715,-3.5
Q,716,-3.5
H,717,-3.2
D,718,-3.5
E,719,-3.5
